{"discount_factor": 0.9050322276940864, "epsilon_decay": 0.007134041204511714, "learning_rate": 0.2057002072397282, "max_epsilon": 0.8411177172222183, "min_epsilon": 0.20421361885798944, "reward": -6.69}