{"discount_factor": 0.9715970135931042, "epsilon_decay": 0.1493591204793119, "learning_rate": 0.1264274188415243, "max_epsilon": 0.8442018071207124, "min_epsilon": 0.2864294893104106, "reward": -6.569}