{"discount_factor": 0.8939355014535779, "epsilon_decay": 0.0319663653681951, "learning_rate": 0.27250450984459795, "max_epsilon": 0.5021779942548336, "min_epsilon": 0.10305734648899437, "reward": -6.407}