{"discount_factor": 0.914777125134855, "epsilon_decay": 0.048850641178524216, "learning_rate": 0.13123258023074397, "max_epsilon": 0.8478617454155744, "min_epsilon": 0.18015305176767854, "reward": -6.591}